{"videos-per-page":"28","videos-per-row":"4","show-videos-homepage":"latest","thumbnails-ratio":"16\/9","thumbnails-fit":"","main-thumbnail-quality":"wpst_thumb_medium","enable-thumbnails-rotation":"on","enable-views-system":"on","enable-duration-system":"on","enable-rating-system":"on","enable-breadcrumbs":"on","enable-comments":"on","layout":"full-width","main-color":"#FF3565","rendering":"gradient","custom-background":"off","background-niche-image":"","background-image":"","background-image_id":"","background-color":"#181818","background-repeat":"repeat","background-attachment":"fixed","background-position":"center","background-size":"auto","use-logo-image":"off","icon-logo":"play-circle","text-logo":"","logo-font-family":"Open Sans","logo-font-size":"36","niche-image-logo-file":"","image-logo-file":"","image-logo-file_id":"","logo-max-width":"300","logo-max-height":"120","logo-margin-top":"0","logo-margin-left":"0","show-text-slogan":"on","text-slogan":"","niche-favicon":"","favicon":"","favicon_id":"","show-social-profiles":"off","social-profiles-text":"","facebook-profile":"","google-plus-profile":"","instagram-profile":"","reddit-profile":"","tumblr-profile":"","twitter-profile":"","youtube-profile":"","show-search-bar":"on","show-videos-carousel":"on","videos-carousel-amount":"10","videos-carousel-show-title":"on","videos-carousel-auto-play":"off","show-videos-carousel-mobile":"on","show-sidebar-homepage":"on","homepage-title":"","seo-footer-text":"","homepage-title-desc-position":"bottom","show-sidebar-video-page":"on","display-tracking-button":"on","tracking-button-icon":"download","tracking-button-link":"","tracking-button-text":"","show-description-video-about":"on","show-author-video-about":"on","show-publish-date-video-about":"on","show-actors-video-about":"on","show-categories-video-about":"on","show-tags-video-about":"on","truncate-description":"on","actors-video-label":"","enable-video-share":"on","facebook-video-share":"on","twitter-video-share":"on","google-plus-video-share":"on","linkedin-video-share":"on","tumblr-video-share":"on","reddit-video-share":"on","odnoklassniki-video-share":"on","vk-video-share":"on","email-video-share":"on","display-related-videos":"on","related-videos-number":"8","show-sidebar-categories-page":"on","categories-per-page":"20","categories-per-row":"3","categories-thumbnail-quality":"wpst_thumb_large","videos-per-category-page":"20","cat-desc-position":"top","tag-desc-position":"top","actors-per-page":"20","show-sidebar":"on","sidebar-position":"sidebar-right","footer-columns":"four-columns-footer","logo-footer":"off","copyright-bar":"on","copyright-text":"","enable-membership":"on","enable-video-submission":"on","video-submit-title-enabled":"on","video-submit-title-required":"on","video-submit-description-enabled":"off","video-submit-description-required":"off","video-submit-video-link-enabled":"off","video-submit-video-link-required":"off","video-submit-video-embed-enabled":"off","video-submit-video-embed-required":"off","video-submit-video-file-enabled":"off","video-submit-video-file-required":"off","video-submit-thumbnail-link-enabled":"off","video-submit-thumbnail-link-required":"off","video-submit-thumbnail-file-enabled":"off","video-submit-thumbnail-file-required":"off","video-submit-category-enabled":"off","video-submit-category-required":"off","video-submit-tags-enabled":"off","video-submit-tags-required":"off","video-submit-actors-enabled":"off","video-submit-actors-required":"off","video-submit-duration-enabled":"on","video-submit-duration-required":"on","display-video-submit-link":"on","display-my-profile-link":"on","display-my-channel-link":"on","enable-recaptcha":"off","recaptcha-site-key":"","recaptcha-secret-key":"","display-admin-bar":"off","header-ad-desktop":"","sidebar-ad-desktop":"","inside-player-ad-zone-1-desktop":"","inside-player-ad-zone-2-desktop":"","under-player-ad-desktop":"","footer-ad-desktop":"","blog-posts-per-page":"10","google-analytics":"","other-scripts":"","meta-verification":"","create-menu":"","create-widgets":"","create-categories-page":"","create-tags-page":"","create-actors-page":"","create-video-submit-page":"","create-my-profile-page":"","create-blog-page":"","videos-per-page-mobile":"20","videos-per-row-mobile":"2","show-sidebar-mobile":"on","disable-homepage-widgets-mobile":"off","header-ad-mobile":"","sidebar-ad-mobile":"","under-player-ad-mobile":"","footer-ad-mobile":"","mobile-scripts":""}